id,name,email,birthday,phonenumber,gender
1,Glenda,Glenda.@gmail.com,1991-04-02,4729696188,men
2,Camile,Camile.@gmail.com,1955-11-18,3286672304,women
3,Dianemarie,Dianemarie.@gmail.com,1904-03-17,9975540068,men
4,Corene,Corene.@gmail.com,1950-12-15,5581665583,women
5,Valeda,Valeda.@gmail.com,1933-12-19,6472872778,men
6,Caressa,Caressa.@gmail.com,1991-09-18,6818113958,women
7,Wilma,Wilma.@gmail.com,2009-01-31,8959974464,women
8,Talya,Talya.@gmail.com,1976-09-06,8515649021,men
9,Doro,Doro.@gmail.com,1995-12-17,5746461753,men
10,Dione,Dione.@gmail.com,1935-03-19,8298392401,women
11,Corene,Corene.@gmail.com,1914-06-26,2562531637,women
12,Catrina,Catrina.@gmail.com,1924-07-21,3862664050,men
13,Zaria,Zaria.@gmail.com,2004-02-03,5147903561,women
14,Orsola,Orsola.@gmail.com,1961-07-08,3738073033,men
15,Jordan,Jordan.@gmail.com,1934-01-29,9449970365,men
16,Georgina,Georgina.@gmail.com,2017-04-17,3886630676,women
17,Tami,Tami.@gmail.com,1939-06-29,9103502051,men
18,Luci,Luci.@gmail.com,2014-05-15,3234423260,women
19,Dode,Dode.@gmail.com,1979-04-28,4971502490,men
20,Dode,Dode.@gmail.com,2013-08-13,4311029229,men
21,Goldie,Goldie.@gmail.com,1990-04-07,6948763015,women
22,Kamilah,Kamilah.@gmail.com,1923-02-27,2525873959,women
23,Jennica,Jennica.@gmail.com,2006-02-27,5946268161,women
24,Sam,Sam.@gmail.com,1914-09-21,3801225649,men
25,Sherrie,Sherrie.@gmail.com,1984-09-03,7460680709,men
26,Trixi,Trixi.@gmail.com,1982-10-03,8467722217,men
27,Marti,Marti.@gmail.com,1997-08-12,4903525068,men
28,Tressa,Tressa.@gmail.com,1962-07-17,1356438209,women
29,Andeee,Andeee.@gmail.com,1912-09-05,7857157287,women
30,Carly,Carly.@gmail.com,1941-08-29,9883337371,men
31,Elbertina,Elbertina.@gmail.com,1918-11-12,3979559993,men
32,Nollie,Nollie.@gmail.com,1917-08-11,6286298628,women
33,Vinita,Vinita.@gmail.com,1934-06-16,7472699325,women
34,Ekaterina,Ekaterina.@gmail.com,2005-06-22,1925518432,women
35,Charmaine,Charmaine.@gmail.com,1910-10-28,7430714740,women
36,Modestia,Modestia.@gmail.com,1931-04-20,2923847464,men
37,Jaime,Jaime.@gmail.com,1972-09-27,3970404565,women
38,Kamilah,Kamilah.@gmail.com,2016-05-07,3692579720,men
39,Andeee,Andeee.@gmail.com,1925-03-05,9208502456,men
40,Odessa,Odessa.@gmail.com,1938-06-24,4507052614,men
41,Barbara,Barbara.@gmail.com,2007-08-04,2448082620,women
42,Leeanne,Leeanne.@gmail.com,1961-06-25,7544907233,women
43,Mara,Mara.@gmail.com,2016-05-04,7792981398,men
44,Nerta,Nerta.@gmail.com,1979-09-16,8331102438,men
45,Yvonne,Yvonne.@gmail.com,1996-03-20,5498426402,women
46,Aurelie,Aurelie.@gmail.com,1982-08-16,6130928748,men
47,Teriann,Teriann.@gmail.com,1988-10-09,1086695778,men
48,Robbi,Robbi.@gmail.com,1966-06-20,7476384511,women
49,Ileana,Ileana.@gmail.com,1991-02-06,6140343214,men
50,Cecile,Cecile.@gmail.com,2018-04-06,6877489706,women
51,Kylynn,Kylynn.@gmail.com,1968-02-05,3014038809,men
52,Madelle,Madelle.@gmail.com,1937-12-19,2295040053,women
53,Raquela,Raquela.@gmail.com,1993-08-17,1357596407,women
54,Camile,Camile.@gmail.com,1996-04-29,6005184838,men
55,Clary,Clary.@gmail.com,2013-04-30,1950498563,men
56,Marnia,Marnia.@gmail.com,1943-08-04,2260901969,women
57,Vere,Vere.@gmail.com,1949-11-03,1397035161,women
58,Brietta,Brietta.@gmail.com,2009-10-31,7975596373,men
59,Ursulina,Ursulina.@gmail.com,1998-09-30,4440083566,men
60,Carolina,Carolina.@gmail.com,1992-07-16,5757466754,women
61,Janeczka,Janeczka.@gmail.com,1929-03-11,9696142940,women
62,Chandra,Chandra.@gmail.com,1913-07-12,2258373447,women
63,Sophia,Sophia.@gmail.com,2014-12-19,3739647308,men
64,Kirstin,Kirstin.@gmail.com,1900-04-16,5798096522,men
65,Florencia,Florencia.@gmail.com,1985-04-14,3410887144,men
66,Chloris,Chloris.@gmail.com,1993-02-12,7981435153,men
67,Maisey,Maisey.@gmail.com,1955-03-20,2562126036,men
68,Rebeca,Rebeca.@gmail.com,1991-09-29,8020990906,men
69,Nessie,Nessie.@gmail.com,1952-12-09,1800129395,men
70,Aili,Aili.@gmail.com,1993-03-29,2827718316,men
71,Fernande,Fernande.@gmail.com,1956-04-21,4570641670,women
72,Elfreda,Elfreda.@gmail.com,2017-11-15,6710076491,men
73,Dale,Dale.@gmail.com,1982-10-04,4996413107,men
74,Vevay,Vevay.@gmail.com,2016-09-11,9248138076,women
75,Loree,Loree.@gmail.com,2012-04-05,3309766256,men
76,Peri,Peri.@gmail.com,1967-05-11,3585533670,men
77,Alisha,Alisha.@gmail.com,1947-10-13,8304592502,men
78,Modestia,Modestia.@gmail.com,1990-07-16,3287821535,women
79,Selma,Selma.@gmail.com,1990-11-14,6496626810,men
80,Hallie,Hallie.@gmail.com,1947-08-25,1616808399,men
81,Alia,Alia.@gmail.com,1934-06-24,3560993584,women
82,Ida,Ida.@gmail.com,2008-03-16,8803653548,men
83,Phedra,Phedra.@gmail.com,1993-11-20,7983740322,men
84,Modestia,Modestia.@gmail.com,2011-03-24,6295981742,women
85,Dari,Dari.@gmail.com,1927-06-14,6236552762,men
86,Morganica,Morganica.@gmail.com,2014-03-26,2721693304,women
87,Kaia,Kaia.@gmail.com,1989-05-25,4529934448,women
88,Lorie,Lorie.@gmail.com,1959-10-22,3862204221,women
89,Karina,Karina.@gmail.com,2003-01-07,4738876212,women
90,Jordan,Jordan.@gmail.com,2011-07-28,5813851609,men
91,Amara,Amara.@gmail.com,2014-03-09,6351260589,men
92,Babita,Babita.@gmail.com,1900-09-23,3865409557,men
93,Albertina,Albertina.@gmail.com,1927-10-25,8414080539,women
94,Stacey,Stacey.@gmail.com,2016-01-14,8345631455,women
95,Gerrie,Gerrie.@gmail.com,1988-10-30,2754088425,women
96,Dawn,Dawn.@gmail.com,1951-04-09,2128407531,women
97,Corene,Corene.@gmail.com,1914-10-18,4011037595,men
98,Shannah,Shannah.@gmail.com,2016-08-09,9795213196,women
99,Fawne,Fawne.@gmail.com,1998-04-01,5758721646,women
100,Pearline,Pearline.@gmail.com,1900-06-26,6531507135,women
101,Larine,Larine.@gmail.com,1979-09-25,5098109916,men
102,Jillayne,Jillayne.@gmail.com,2000-07-22,2152001833,men
103,Eve,Eve.@gmail.com,1931-07-06,1174616226,women
104,Gale,Gale.@gmail.com,1995-12-09,7808157194,women
105,Catharine,Catharine.@gmail.com,1980-11-22,2972058474,men
106,Bernie,Bernie.@gmail.com,1946-05-07,3648331868,men
107,Nelle,Nelle.@gmail.com,1965-05-28,9152628831,men
108,Leona,Leona.@gmail.com,1935-06-17,8076277963,men
109,Darci,Darci.@gmail.com,1961-03-30,6462298649,women
110,Roseline,Roseline.@gmail.com,1954-03-12,6208263242,women
111,Dennie,Dennie.@gmail.com,1944-09-22,2790684752,women
112,Ekaterina,Ekaterina.@gmail.com,1916-06-15,7539382046,women
113,Chastity,Chastity.@gmail.com,1906-10-05,3586694979,women
114,Sean,Sean.@gmail.com,2019-01-05,8339042002,women
115,Althea,Althea.@gmail.com,1993-08-23,4488086950,women
116,Esmeralda,Esmeralda.@gmail.com,1938-05-19,7283390800,men
117,Shell,Shell.@gmail.com,1989-12-20,6802962391,women
118,Pearline,Pearline.@gmail.com,1969-04-19,3262472378,men
119,Allyce,Allyce.@gmail.com,1951-06-10,7953673681,women
120,Larine,Larine.@gmail.com,1952-09-18,7899096623,men
121,Lila,Lila.@gmail.com,1959-12-20,6699988426,women
122,Madeleine,Madeleine.@gmail.com,1929-11-04,9327965521,men
123,Caryl,Caryl.@gmail.com,1988-01-30,1254827657,women
124,Aigneis,Aigneis.@gmail.com,2002-05-21,8115208590,men
125,Marsiella,Marsiella.@gmail.com,1927-11-06,1231292867,men
126,Ebonee,Ebonee.@gmail.com,1912-03-16,7189483661,men
127,Selia,Selia.@gmail.com,1936-01-28,9746179787,women
128,Jacenta,Jacenta.@gmail.com,1998-08-03,6578733213,women
129,Britni,Britni.@gmail.com,1930-06-28,2857277753,men
130,Sherrie,Sherrie.@gmail.com,1952-10-13,8741857617,women
131,Marline,Marline.@gmail.com,1941-01-01,4681655422,men
132,Beth,Beth.@gmail.com,1979-12-01,3739132978,men
133,Amalie,Amalie.@gmail.com,1919-06-26,6308260844,women
134,Mamie,Mamie.@gmail.com,1959-12-06,6222202265,women
135,Blake,Blake.@gmail.com,2001-12-24,6905455402,men
136,Estell,Estell.@gmail.com,1970-09-01,1987548444,men
137,Yolane,Yolane.@gmail.com,1922-10-11,2972633794,men
138,Brianna,Brianna.@gmail.com,1912-02-26,8375774295,women
139,Ethel,Ethel.@gmail.com,1991-03-25,9258502716,men
140,Gianina,Gianina.@gmail.com,2017-07-17,9714927764,women
141,Carolina,Carolina.@gmail.com,2016-12-31,2923890479,women
142,Aurore,Aurore.@gmail.com,1932-11-07,9277885740,women
143,Jan,Jan.@gmail.com,1998-11-21,3898582785,men
144,Madelle,Madelle.@gmail.com,1935-06-22,7329042696,men
145,Allyce,Allyce.@gmail.com,1935-01-11,5093660581,women
146,Lory,Lory.@gmail.com,1933-05-12,4301768964,women
147,Evaleen,Evaleen.@gmail.com,1918-06-12,8301638871,women
148,Coral,Coral.@gmail.com,1900-03-03,5869779744,women
149,Jackie,Jackie.@gmail.com,1953-11-29,1636877754,men
150,Caressa,Caressa.@gmail.com,1974-04-12,4595943076,men
151,Priscilla,Priscilla.@gmail.com,1907-04-07,9120810659,women
152,Dawn,Dawn.@gmail.com,1939-07-18,2141450750,women
153,Juliane,Juliane.@gmail.com,2013-06-23,3034519172,men
154,Fred,Fred.@gmail.com,1956-09-02,3191120307,men
155,Melodie,Melodie.@gmail.com,1930-12-08,8419753118,men
156,Lucille,Lucille.@gmail.com,1995-07-06,9437629391,men
157,Gui,Gui.@gmail.com,1906-03-02,1066573928,men
158,Roberta,Roberta.@gmail.com,2019-03-24,9217142327,men
159,Almeta,Almeta.@gmail.com,1975-08-21,7667346211,women
160,Lynea,Lynea.@gmail.com,1959-09-05,6313102321,men
161,Sabina,Sabina.@gmail.com,1906-05-28,9064304085,men
162,Kaja,Kaja.@gmail.com,1951-03-07,4549450389,men
163,Ninnetta,Ninnetta.@gmail.com,1956-01-29,8382168117,women
164,Claresta,Claresta.@gmail.com,1925-06-18,4840589032,men
165,Shell,Shell.@gmail.com,1922-12-05,7941156844,men
166,Rayna,Rayna.@gmail.com,2014-08-31,1664399496,men
167,Zsa Zsa,Zsa Zsa.@gmail.com,2013-10-10,5960267604,women
168,Phedra,Phedra.@gmail.com,1904-08-11,4911690364,men
169,Sharai,Sharai.@gmail.com,1929-09-05,7640278757,women
170,Kate,Kate.@gmail.com,1965-06-03,2362636362,women
171,Fayre,Fayre.@gmail.com,1906-10-11,7342737566,men
172,Stephanie,Stephanie.@gmail.com,1900-07-29,3939040945,women
173,Lolita,Lolita.@gmail.com,1932-06-17,3017745253,women
174,Jorry,Jorry.@gmail.com,1903-05-13,8577029455,women
175,Perry,Perry.@gmail.com,1951-03-02,2856791993,men
176,Rosanne,Rosanne.@gmail.com,1995-01-17,4793371458,men
177,Valeda,Valeda.@gmail.com,1955-05-24,6967799367,women
178,Johna,Johna.@gmail.com,1996-10-14,4520313679,women
179,Charissa,Charissa.@gmail.com,1992-12-24,1099552782,women
180,Celisse,Celisse.@gmail.com,2011-11-07,1419530530,men
181,Mariele,Mariele.@gmail.com,1982-04-30,5310046488,women
182,Morganica,Morganica.@gmail.com,1912-08-15,3138606371,women
183,Candi,Candi.@gmail.com,1994-06-25,4480772969,women
184,Frieda,Frieda.@gmail.com,1914-05-05,7870543555,women
185,Basia,Basia.@gmail.com,2009-12-03,6819645052,men
186,Talya,Talya.@gmail.com,1932-09-15,8299244927,men
187,Robbi,Robbi.@gmail.com,1994-04-14,3817524637,women
188,Ulrike,Ulrike.@gmail.com,1991-09-30,2520481110,women
189,Albertina,Albertina.@gmail.com,1996-07-03,7053551975,men
190,Wendi,Wendi.@gmail.com,1915-08-03,9397569641,women
191,Genevra,Genevra.@gmail.com,1901-11-01,1756646289,men
192,Miquela,Miquela.@gmail.com,1997-11-02,7141684411,men
193,Goldie,Goldie.@gmail.com,1996-02-01,1412104980,women
194,Lusa,Lusa.@gmail.com,1993-02-04,4530100346,women
195,Fanny,Fanny.@gmail.com,1962-07-09,3517253805,women
196,Liana,Liana.@gmail.com,1979-04-22,5290377089,women
197,Letizia,Letizia.@gmail.com,1986-08-26,4069384238,women
198,Roz,Roz.@gmail.com,1967-06-13,4771719357,women
199,Nikki,Nikki.@gmail.com,1948-05-04,6088711847,women
200,Lita,Lita.@gmail.com,2008-08-14,5643644089,women
201,Gisela,Gisela.@gmail.com,1943-09-19,7542425457,men
202,Sheelagh,Sheelagh.@gmail.com,1939-12-06,7995756271,men
203,Donetta,Donetta.@gmail.com,1975-04-12,2789704884,men
204,Aubrie,Aubrie.@gmail.com,1924-11-21,5682926278,men
205,Caressa,Caressa.@gmail.com,1955-07-27,8360055030,men
206,Edyth,Edyth.@gmail.com,1955-06-03,4509253525,women
207,Brooks,Brooks.@gmail.com,1915-08-05,3326028051,men
208,Jillayne,Jillayne.@gmail.com,1984-09-17,8900694665,women
209,Hermione,Hermione.@gmail.com,1938-04-13,1600391232,women
210,Selia,Selia.@gmail.com,1983-12-27,5447106919,women
211,Cassondra,Cassondra.@gmail.com,1946-05-01,7685886558,men
212,Dale,Dale.@gmail.com,1909-09-10,8322995991,men
213,Merrie,Merrie.@gmail.com,2013-05-16,3419438364,women
214,Asia,Asia.@gmail.com,1937-04-01,5139980159,women
215,Leontine,Leontine.@gmail.com,1922-04-05,8357388807,women
216,Karly,Karly.@gmail.com,1922-06-17,1819122698,men
217,Jaclyn,Jaclyn.@gmail.com,1984-05-25,7516680514,men
218,Jinny,Jinny.@gmail.com,1950-10-10,7687602887,men
219,Margette,Margette.@gmail.com,1944-06-03,4587493796,women
220,Elena,Elena.@gmail.com,1925-04-16,2622723897,women
221,Almeta,Almeta.@gmail.com,1935-08-10,7172983805,men
222,Andree,Andree.@gmail.com,2014-05-24,9295427758,women
223,Marinna,Marinna.@gmail.com,1925-05-29,7355784135,women
224,Clary,Clary.@gmail.com,1919-09-02,4657417785,men
225,Etta,Etta.@gmail.com,1905-07-08,2232152575,women
226,Annora,Annora.@gmail.com,1938-12-10,3309472093,men
227,Beverley,Beverley.@gmail.com,1918-02-25,1499749414,women
228,Carol-Jean,Carol-Jean.@gmail.com,1900-07-05,7603336344,men
229,Lizzie,Lizzie.@gmail.com,1984-09-24,7870448257,men
230,Rani,Rani.@gmail.com,1959-03-23,8040913973,women
231,Aili,Aili.@gmail.com,1907-06-01,8418167068,men
232,Meg,Meg.@gmail.com,1941-07-08,6042851637,men
233,Lanna,Lanna.@gmail.com,1921-08-12,9073430193,women
234,Lusa,Lusa.@gmail.com,1950-11-30,6445568082,men
235,Cam,Cam.@gmail.com,2018-07-22,5411774265,women
236,Georgina,Georgina.@gmail.com,1927-03-19,9794839593,women
237,Mignon,Mignon.@gmail.com,1954-10-11,3093059626,women
238,Jolyn,Jolyn.@gmail.com,1989-04-26,1672380632,women
239,Celene,Celene.@gmail.com,1953-06-27,4559496522,women
240,Loree,Loree.@gmail.com,2013-07-11,6967375148,women
241,Gilda,Gilda.@gmail.com,1956-02-15,3150526711,men
242,Aimil,Aimil.@gmail.com,1915-07-14,8196456813,men
243,Dione,Dione.@gmail.com,1963-05-18,1096916536,men
244,Britte,Britte.@gmail.com,2006-11-18,2002757640,women
245,Gerrie,Gerrie.@gmail.com,1989-09-17,5221406066,men
246,Lorie,Lorie.@gmail.com,1983-10-07,9442854616,women
247,Ardenia,Ardenia.@gmail.com,2003-09-28,9404065866,men
248,Lucy,Lucy.@gmail.com,1941-05-22,1765802791,men
249,Amara,Amara.@gmail.com,2002-02-02,2652594796,women
250,Beatriz,Beatriz.@gmail.com,1935-07-12,5555968932,men
251,Sean,Sean.@gmail.com,1936-04-11,3033219212,women
252,Ardenia,Ardenia.@gmail.com,1958-06-02,3806289219,men
253,Viki,Viki.@gmail.com,2008-09-27,6104295794,women
254,Dawn,Dawn.@gmail.com,1913-09-24,8407775877,women
255,Paulita,Paulita.@gmail.com,1990-06-23,6590458074,women
256,Tracey,Tracey.@gmail.com,1922-08-22,1199455263,women
257,Blondelle,Blondelle.@gmail.com,1967-03-26,8739548930,men
258,Orelia,Orelia.@gmail.com,1920-11-15,9655440330,men
259,Oona,Oona.@gmail.com,2007-07-01,1783490642,men
260,Michaelina,Michaelina.@gmail.com,1915-11-23,9181114610,men
261,Pamella,Pamella.@gmail.com,2002-02-02,4534442796,men
262,Brianna,Brianna.@gmail.com,1991-04-05,6865634141,women
263,Nariko,Nariko.@gmail.com,1912-05-30,1160510499,women
264,Jenda,Jenda.@gmail.com,1998-02-21,8718737122,men
265,Sheree,Sheree.@gmail.com,1936-11-10,6294321425,men
266,Noelle,Noelle.@gmail.com,2013-11-21,7914182260,women
267,Candy,Candy.@gmail.com,2015-07-31,3147116819,women
268,Paulita,Paulita.@gmail.com,2014-03-05,7708601194,women
269,Eugine,Eugine.@gmail.com,1993-08-28,3060607769,women
270,Keelia,Keelia.@gmail.com,1934-01-14,6754305438,women
271,Fernande,Fernande.@gmail.com,1917-01-31,2393611827,men
272,Jacenta,Jacenta.@gmail.com,1929-05-31,5366542084,men
273,Rosabelle,Rosabelle.@gmail.com,1921-12-17,3840190761,men
274,Reeba,Reeba.@gmail.com,1957-04-19,3649334655,men
275,Ermengarde,Ermengarde.@gmail.com,1904-06-19,7735311019,women
276,Ginnie,Ginnie.@gmail.com,1902-12-06,7889662234,women
277,Winifred,Winifred.@gmail.com,2012-10-23,9852226340,men
278,Verla,Verla.@gmail.com,1927-03-28,6161611243,men
279,Rhea,Rhea.@gmail.com,1998-10-09,2453288609,men
280,Siana,Siana.@gmail.com,1985-03-15,6774481595,men
281,Judy,Judy.@gmail.com,1960-08-29,7568947371,women
282,Sheelagh,Sheelagh.@gmail.com,1950-06-12,4356612744,women
283,Sharai,Sharai.@gmail.com,1976-03-03,4624616183,women
284,Adelle,Adelle.@gmail.com,1944-07-21,9700038551,women
285,Layla,Layla.@gmail.com,1908-10-01,4636289955,men
286,Elena,Elena.@gmail.com,1935-03-10,7318853847,men
287,Evaleen,Evaleen.@gmail.com,1978-06-06,8411836334,men
288,Caryl,Caryl.@gmail.com,1961-05-28,8561876231,women
289,Harmonia,Harmonia.@gmail.com,1999-01-29,2622078310,men
290,Alexine,Alexine.@gmail.com,1943-04-27,9456658123,women
291,Constance,Constance.@gmail.com,1991-12-31,8642690815,women
292,Lita,Lita.@gmail.com,2015-04-06,9698304726,women
293,Ethel,Ethel.@gmail.com,1996-11-10,1216591130,men
294,Jordan,Jordan.@gmail.com,1983-04-07,8439856529,women
295,Maridel,Maridel.@gmail.com,1936-12-04,4020756029,men
296,Desirae,Desirae.@gmail.com,1942-02-18,2176101703,women
297,Zondra,Zondra.@gmail.com,1903-04-06,9251796802,men
298,Rani,Rani.@gmail.com,2010-11-30,5732377627,men
299,Sadie,Sadie.@gmail.com,2005-10-11,7562562407,women
300,Glenda,Glenda.@gmail.com,1945-09-19,5693196887,men
301,Hope,Hope.@gmail.com,1928-01-01,6883703271,men
302,Cristabel,Cristabel.@gmail.com,2015-03-14,5781137674,men
303,Dagmar,Dagmar.@gmail.com,2008-08-21,9304357517,men
304,Stacey,Stacey.@gmail.com,1935-12-31,7663720943,men
305,Amara,Amara.@gmail.com,2017-03-20,6546800116,men
306,Basia,Basia.@gmail.com,1927-12-26,3734026540,men
307,Barbi,Barbi.@gmail.com,1965-03-03,7080989743,women
308,Sallie,Sallie.@gmail.com,1965-01-15,2103932114,women
309,Viki,Viki.@gmail.com,1905-02-01,9208819235,men
310,Ginnie,Ginnie.@gmail.com,1948-01-09,1352215930,women
311,Tomasina,Tomasina.@gmail.com,2019-08-15,7267971350,women
312,Tonia,Tonia.@gmail.com,1997-12-04,7050981517,women
313,Vevay,Vevay.@gmail.com,1957-09-29,5798169395,men
314,Carmencita,Carmencita.@gmail.com,1983-10-04,6765069484,men
315,Rosanne,Rosanne.@gmail.com,1900-11-07,1682106963,men
316,Nanete,Nanete.@gmail.com,1959-05-10,8892938763,women
317,Abbie,Abbie.@gmail.com,2003-01-26,1531926925,men
318,Agnese,Agnese.@gmail.com,1921-09-19,7234052004,men
319,Ginnie,Ginnie.@gmail.com,1907-10-10,1118083132,women
320,Bertine,Bertine.@gmail.com,2002-05-27,9332469164,women
321,Ariela,Ariela.@gmail.com,1923-12-03,4596807177,men
322,Hettie,Hettie.@gmail.com,1927-06-07,8453446456,men
323,Vanessa,Vanessa.@gmail.com,1915-10-20,4645668902,men
324,Kalina,Kalina.@gmail.com,1996-03-18,7879277682,women
325,Janis,Janis.@gmail.com,2017-11-23,8665000573,men
326,Chloris,Chloris.@gmail.com,2008-06-22,1974289686,women
327,Alejandra,Alejandra.@gmail.com,1924-02-09,3447849875,men
328,Cecile,Cecile.@gmail.com,1924-01-16,9232631754,women
329,Paola,Paola.@gmail.com,1911-02-28,9045269023,women
330,Adore,Adore.@gmail.com,1943-10-10,7921846566,women
331,Vinita,Vinita.@gmail.com,1978-11-26,1328243748,men
332,Caritta,Caritta.@gmail.com,2008-10-15,3567072014,men
333,Melisent,Melisent.@gmail.com,1993-01-14,9018275630,women
334,Gilda,Gilda.@gmail.com,1977-08-02,2273876447,women
335,Ardenia,Ardenia.@gmail.com,1935-11-14,8841501899,men
336,Joy,Joy.@gmail.com,1980-05-19,7102963770,men
337,Emylee,Emylee.@gmail.com,1966-02-10,6851822069,men
338,Cathie,Cathie.@gmail.com,1915-05-31,3871542250,men
339,Amalie,Amalie.@gmail.com,1956-07-28,3439313763,men
340,Isa,Isa.@gmail.com,1925-08-15,2028655449,women
341,Mariann,Mariann.@gmail.com,1967-07-02,8812727669,men
342,Cindelyn,Cindelyn.@gmail.com,2001-12-02,1179773350,men
343,Elora,Elora.@gmail.com,1914-11-24,2133539538,women
344,Trixi,Trixi.@gmail.com,1977-09-16,5950849135,women
345,Helsa,Helsa.@gmail.com,2019-09-28,6264963887,women
346,Rosaline,Rosaline.@gmail.com,1938-05-31,8634081168,men
347,Olwen,Olwen.@gmail.com,1969-08-18,6300212148,women
348,Clarice,Clarice.@gmail.com,2000-12-06,8873124858,women
349,Ericka,Ericka.@gmail.com,1900-12-07,8589395703,men
350,Bibby,Bibby.@gmail.com,1915-12-18,4768494378,men
351,Nataline,Nataline.@gmail.com,1976-11-15,5235009978,women
352,Aili,Aili.@gmail.com,1928-06-25,8904386116,women
353,Louella,Louella.@gmail.com,1982-02-24,4249542706,women
354,Elsie,Elsie.@gmail.com,1926-11-23,9329581348,women
355,Tonia,Tonia.@gmail.com,1958-05-02,6528772066,women
356,Malina,Malina.@gmail.com,2006-12-13,8784988953,men
357,Fina,Fina.@gmail.com,1964-03-31,9942821914,men
358,Corina,Corina.@gmail.com,2002-11-15,5850187501,men
359,Shaine,Shaine.@gmail.com,2014-10-19,8057235118,women
360,Vonny,Vonny.@gmail.com,1943-09-15,4541644319,women
361,Kayla,Kayla.@gmail.com,2017-02-15,4525594328,men
362,Carmencita,Carmencita.@gmail.com,1947-09-10,9874469064,men
363,Tarra,Tarra.@gmail.com,1962-06-07,2017959969,women
364,Dominga,Dominga.@gmail.com,1971-11-22,1361063804,women
365,Hettie,Hettie.@gmail.com,1949-10-21,5557314093,men
366,Kalina,Kalina.@gmail.com,1961-07-09,1150424724,men
367,Janeczka,Janeczka.@gmail.com,1997-09-28,2264959322,men
368,Coral,Coral.@gmail.com,1914-08-28,9317595379,men
369,Codie,Codie.@gmail.com,1933-06-09,1340908204,women
370,Mara,Mara.@gmail.com,1904-05-29,2295085870,women
371,Gerianna,Gerianna.@gmail.com,1945-06-05,1332058605,men
372,Katharina,Katharina.@gmail.com,1965-08-16,8959377885,men
373,Liana,Liana.@gmail.com,1931-12-14,7639931139,women
374,Celestyna,Celestyna.@gmail.com,1923-08-27,5872021947,women
375,Angela,Angela.@gmail.com,1911-08-01,5006752912,men
376,Belinda,Belinda.@gmail.com,1970-01-01,5170137614,men
377,Brana,Brana.@gmail.com,1904-12-12,9438392485,women
378,Theodora,Theodora.@gmail.com,1994-03-10,1593894950,women
379,Charmaine,Charmaine.@gmail.com,1901-11-22,9829767498,women
380,Dotty,Dotty.@gmail.com,1913-10-03,6440539977,men
381,Emylee,Emylee.@gmail.com,1964-11-11,1223738985,women
382,Fina,Fina.@gmail.com,1984-02-12,8303969647,men
383,Renae,Renae.@gmail.com,1959-01-06,7400663843,women
384,Gabi,Gabi.@gmail.com,1937-02-12,1951006398,men
385,Tonia,Tonia.@gmail.com,2018-01-20,3314005334,men
386,Dania,Dania.@gmail.com,1957-11-14,7326969464,women
387,Kristina,Kristina.@gmail.com,1964-09-14,4513477606,men
388,Violet,Violet.@gmail.com,1942-09-11,4053703503,men
389,Renae,Renae.@gmail.com,1955-05-30,3104652820,men
390,Alameda,Alameda.@gmail.com,1929-05-23,4993118596,women
391,Glenda,Glenda.@gmail.com,2004-06-15,1037560279,men
392,Cassondra,Cassondra.@gmail.com,1951-11-12,8706947393,men
393,Shirlee,Shirlee.@gmail.com,1999-10-14,3528442734,women
394,Madelle,Madelle.@gmail.com,1976-09-30,5262105762,women
395,Madeleine,Madeleine.@gmail.com,1939-01-13,9224607833,women
396,Kenna,Kenna.@gmail.com,1986-11-30,5352029301,women
397,Fred,Fred.@gmail.com,1961-03-05,3909832738,men
398,Steffane,Steffane.@gmail.com,1919-04-30,8293103343,men
399,Maye,Maye.@gmail.com,1903-02-15,3603983988,women
400,Carolina,Carolina.@gmail.com,1936-03-29,5156351164,men
401,Marinna,Marinna.@gmail.com,2017-05-29,1329126756,men
402,Tracey,Tracey.@gmail.com,1954-05-11,6549106477,women
403,Melanie,Melanie.@gmail.com,1999-01-03,1509947408,men
404,Max,Max.@gmail.com,1967-04-10,5650260276,men
405,Lucy,Lucy.@gmail.com,1931-02-12,9704688871,men
406,Petronia,Petronia.@gmail.com,1934-06-28,9978907634,women
407,Angela,Angela.@gmail.com,1993-07-25,6948269902,men
408,Lyssa,Lyssa.@gmail.com,1994-07-29,1718660865,men
409,Glynnis,Glynnis.@gmail.com,1996-06-06,3994109088,men
410,Marcelline,Marcelline.@gmail.com,1921-03-02,4832757493,women
411,Vanessa,Vanessa.@gmail.com,1921-02-26,1292453936,women
412,Molli,Molli.@gmail.com,1986-10-04,1724950770,men
413,Shauna,Shauna.@gmail.com,1995-02-10,8078639147,men
414,Oona,Oona.@gmail.com,1931-06-18,2833072808,women
415,Aubrie,Aubrie.@gmail.com,1953-06-12,6353672027,men
416,Latisha,Latisha.@gmail.com,1955-02-02,3583877792,men
417,Ruthe,Ruthe.@gmail.com,1999-07-30,8310735915,men
418,Lulita,Lulita.@gmail.com,1969-02-03,6124794442,men
419,Valeda,Valeda.@gmail.com,1917-04-18,3074631722,men
420,Letizia,Letizia.@gmail.com,2004-08-02,2932990189,women
421,Marguerite,Marguerite.@gmail.com,1981-05-26,4452318857,men
422,Lolita,Lolita.@gmail.com,1994-01-13,7530021241,women
423,Mignon,Mignon.@gmail.com,1978-10-14,4120868500,women
424,Madeleine,Madeleine.@gmail.com,1990-11-12,7153774751,women
425,Ethel,Ethel.@gmail.com,1917-05-14,4573924525,men
426,Concettina,Concettina.@gmail.com,1921-09-17,7159657289,women
427,Carree,Carree.@gmail.com,1931-03-06,3990537781,women
428,Jasmina,Jasmina.@gmail.com,2019-12-29,3199466894,men
429,Modestia,Modestia.@gmail.com,1947-09-21,9833488629,women
430,Zia,Zia.@gmail.com,1996-12-16,1533277059,women
431,Leona,Leona.@gmail.com,1947-09-21,5559580965,women
432,Louella,Louella.@gmail.com,1933-08-10,6699469139,men
433,Dawn,Dawn.@gmail.com,2006-10-10,1054215626,women
434,Ivett,Ivett.@gmail.com,2003-07-20,4998796893,men
435,Hildegaard,Hildegaard.@gmail.com,1931-09-26,6632908839,women
436,Julieta,Julieta.@gmail.com,1900-10-08,1881229700,men
437,Gaylene,Gaylene.@gmail.com,1962-12-09,2338700994,women
438,Adelle,Adelle.@gmail.com,1966-03-07,5638108078,women
439,Meg,Meg.@gmail.com,1908-11-26,3468011981,men
440,Kellen,Kellen.@gmail.com,2000-08-26,7260423798,men
441,Annecorinne,Annecorinne.@gmail.com,2016-09-12,8243837757,men
442,Karly,Karly.@gmail.com,1963-01-28,3846350944,men
443,Melanie,Melanie.@gmail.com,1900-10-21,9848846024,men
444,Priscilla,Priscilla.@gmail.com,2018-03-05,3974631378,men
445,Ardeen,Ardeen.@gmail.com,1964-05-05,1345184822,men
446,Inga,Inga.@gmail.com,1954-03-23,6803147640,men
447,Zia,Zia.@gmail.com,1928-06-22,1087661840,men
448,Ruthe,Ruthe.@gmail.com,1962-01-14,3313466560,women
449,Annice,Annice.@gmail.com,2016-02-23,9330397296,men
450,Nicoli,Nicoli.@gmail.com,1946-12-29,9158266274,men
451,Merry,Merry.@gmail.com,1943-01-31,1309917344,men
452,Lila,Lila.@gmail.com,1993-07-15,1347760555,men
453,Jerry,Jerry.@gmail.com,2011-09-30,9329156456,women
454,Silvana,Silvana.@gmail.com,1919-05-08,5465067659,men
455,Rhea,Rhea.@gmail.com,1917-01-01,9368002995,men
456,Linzy,Linzy.@gmail.com,1938-05-17,4776894311,men
457,Alameda,Alameda.@gmail.com,1953-03-18,5637605868,men
458,Corina,Corina.@gmail.com,1978-08-09,1406513010,women
459,Aili,Aili.@gmail.com,1910-10-27,7602904072,women
460,Kate,Kate.@gmail.com,1903-01-09,2751461826,women
461,Alejandra,Alejandra.@gmail.com,1922-11-08,6657319101,men
462,Ana,Ana.@gmail.com,1923-04-10,4539491693,women
463,Carly,Carly.@gmail.com,1949-05-08,6312472053,men
464,Corene,Corene.@gmail.com,1942-07-02,1233868668,women
465,Cherrita,Cherrita.@gmail.com,1906-12-27,6294106241,men
466,Sherrie,Sherrie.@gmail.com,1951-04-30,2854251572,men
467,Paulita,Paulita.@gmail.com,1922-07-06,1877227059,men
468,Hermione,Hermione.@gmail.com,2019-02-10,4973127243,women
469,Deloria,Deloria.@gmail.com,1970-05-29,1304331859,men
470,Mariann,Mariann.@gmail.com,1994-11-26,4188334590,men
471,Kassey,Kassey.@gmail.com,1973-08-10,4965297763,women
472,Vinita,Vinita.@gmail.com,1937-05-23,8706322767,women
473,Emilia,Emilia.@gmail.com,1927-03-23,3464259317,men
474,Jemie,Jemie.@gmail.com,1979-01-27,9108378157,women
475,Belinda,Belinda.@gmail.com,2004-06-27,8670513876,women
476,Lenna,Lenna.@gmail.com,1920-05-21,1537194646,women
477,Mary,Mary.@gmail.com,1981-07-01,3998785148,women
478,Alleen,Alleen.@gmail.com,1932-01-27,5739885821,men
479,Gui,Gui.@gmail.com,1922-08-28,7976917684,women
480,Elbertina,Elbertina.@gmail.com,1934-12-08,3986860007,men
481,Merry,Merry.@gmail.com,1968-04-23,3085102211,men
482,Cristine,Cristine.@gmail.com,1968-08-30,2780085147,men
483,Mahalia,Mahalia.@gmail.com,1970-04-21,1546104444,women
484,Sissy,Sissy.@gmail.com,1905-01-30,4225117841,men
485,Ariela,Ariela.@gmail.com,1995-11-25,3641259817,men
486,Karlee,Karlee.@gmail.com,1951-11-07,4942680513,women
487,Evita,Evita.@gmail.com,1962-07-07,1268648827,men
488,Joane,Joane.@gmail.com,1912-10-24,7663642365,women
489,Willetta,Willetta.@gmail.com,1934-07-06,5041882724,women
490,Audrie,Audrie.@gmail.com,1939-10-26,9964697553,men
491,Chere,Chere.@gmail.com,1998-01-06,2242876392,men
492,Donetta,Donetta.@gmail.com,1982-03-20,9317008779,women
493,Blake,Blake.@gmail.com,2010-06-14,8988373854,men
494,Joy,Joy.@gmail.com,1944-12-27,7673467326,men
495,Sashenka,Sashenka.@gmail.com,1920-09-24,7712293839,women
496,Allyce,Allyce.@gmail.com,1902-02-05,2760560420,men
497,Vere,Vere.@gmail.com,1920-09-25,5223044362,women
498,Valli,Valli.@gmail.com,2002-02-10,7093028847,men
499,Verla,Verla.@gmail.com,1924-08-20,4667960172,men
500,Ofilia,Ofilia.@gmail.com,2005-08-17,4666938386,men
501,Kate,Kate.@gmail.com,1923-08-10,9831408413,men
502,Michaelina,Michaelina.@gmail.com,1962-06-24,8595634968,women
503,Molli,Molli.@gmail.com,1994-04-10,1898729295,men
504,Korrie,Korrie.@gmail.com,2009-09-15,2408677211,men
505,Roberta,Roberta.@gmail.com,1977-03-11,1582338023,men
506,Suzette,Suzette.@gmail.com,1931-03-02,7362019672,women
507,Emma,Emma.@gmail.com,1968-07-09,6135221480,women
508,Modestia,Modestia.@gmail.com,2014-09-01,3423932712,men
509,Sandie,Sandie.@gmail.com,1930-01-05,4371268257,women
510,Nicoli,Nicoli.@gmail.com,1961-07-22,5257809648,men
511,Carol-Jean,Carol-Jean.@gmail.com,1962-03-07,9209553301,men
512,Binny,Binny.@gmail.com,1915-04-07,2569888436,women
513,Corly,Corly.@gmail.com,1939-11-12,9181601733,women
514,Lelah,Lelah.@gmail.com,1924-01-19,2718259120,men
515,Paule,Paule.@gmail.com,2001-09-05,1521274578,women
516,Verla,Verla.@gmail.com,1922-06-21,6243622391,women
517,Lory,Lory.@gmail.com,1909-01-19,7502773331,women
518,Natka,Natka.@gmail.com,1978-06-23,1628445898,men
519,Doro,Doro.@gmail.com,1940-09-10,2355749615,men
520,Millie,Millie.@gmail.com,1918-03-02,1528612562,men
521,Winny,Winny.@gmail.com,1984-12-31,3783851891,men
522,Jillayne,Jillayne.@gmail.com,1944-07-17,7248998295,men
523,Olivette,Olivette.@gmail.com,1988-08-04,8982394150,women
524,Gerianna,Gerianna.@gmail.com,1990-06-15,4391489970,men
525,Raina,Raina.@gmail.com,1965-06-01,7795546608,men
526,Nonnah,Nonnah.@gmail.com,1966-03-16,5613702921,men
527,Rebeca,Rebeca.@gmail.com,1986-09-16,2161915012,men
528,Linzy,Linzy.@gmail.com,1966-06-05,2724092975,men
529,Barbi,Barbi.@gmail.com,1982-09-28,4590530312,men
530,Leeanne,Leeanne.@gmail.com,1937-10-27,4804370879,women
531,Lily,Lily.@gmail.com,2002-10-08,6358050298,women
532,Laurene,Laurene.@gmail.com,1981-08-12,3368789103,women
533,Netty,Netty.@gmail.com,1963-07-31,5978111042,women
534,Chandra,Chandra.@gmail.com,1965-08-17,9942742739,women
535,Alleen,Alleen.@gmail.com,1994-05-14,5312943530,women
536,Marnia,Marnia.@gmail.com,1923-06-17,8489937023,women
537,Cordi,Cordi.@gmail.com,1966-01-25,1676805717,women
538,Gratia,Gratia.@gmail.com,2005-06-16,7488648977,men
539,Brana,Brana.@gmail.com,2018-06-01,2025915713,men
540,Minne,Minne.@gmail.com,1932-04-11,8270925971,men
541,Barbara,Barbara.@gmail.com,1902-06-28,3080874009,women
542,Candy,Candy.@gmail.com,1942-11-28,9785803638,men
543,Taffy,Taffy.@gmail.com,1909-12-26,1612391159,men
544,Helena,Helena.@gmail.com,1986-07-21,3795403164,men
545,Hannis,Hannis.@gmail.com,1902-06-05,4650151796,women
546,Moyna,Moyna.@gmail.com,2016-11-15,9903543201,men
547,Letizia,Letizia.@gmail.com,1931-08-24,1736917406,men
548,Maryellen,Maryellen.@gmail.com,1962-09-25,6721147038,men
549,Chloris,Chloris.@gmail.com,1934-11-10,5533376305,women
550,Ardenia,Ardenia.@gmail.com,1952-07-11,6985358840,men
551,Jerry,Jerry.@gmail.com,1968-12-21,9603807802,men
552,Merry,Merry.@gmail.com,2002-12-30,3096792580,women
553,Candi,Candi.@gmail.com,2011-01-18,6127854009,men
554,Cindelyn,Cindelyn.@gmail.com,1902-02-21,1257106060,women
555,Mildrid,Mildrid.@gmail.com,1997-09-30,8620513882,women
556,Kara-Lynn,Kara-Lynn.@gmail.com,1947-06-28,7762722396,men
557,Sybille,Sybille.@gmail.com,1952-11-04,5326325769,women
558,Lorenza,Lorenza.@gmail.com,1974-01-28,2520648539,women
559,Ermengarde,Ermengarde.@gmail.com,1992-09-22,3478438199,women
560,Anica,Anica.@gmail.com,1969-12-31,6266712725,women
561,Vivia,Vivia.@gmail.com,1908-11-09,7826327259,women
562,Harmonia,Harmonia.@gmail.com,2010-01-06,5601168654,men
563,Agnese,Agnese.@gmail.com,1976-03-30,8786140009,women
564,Berget,Berget.@gmail.com,1992-07-16,3865013963,women
565,Mellicent,Mellicent.@gmail.com,1925-01-02,7611880429,women
566,Willetta,Willetta.@gmail.com,1966-08-08,2104078141,women
567,Tabbatha,Tabbatha.@gmail.com,1995-05-01,2152472267,women
568,Cherrita,Cherrita.@gmail.com,1998-07-31,2569545899,men
569,Tressa,Tressa.@gmail.com,1987-12-05,2111804968,women
570,Drucie,Drucie.@gmail.com,1909-04-16,2314042605,men
571,Frank,Frank.@gmail.com,1979-02-24,4386004201,women
572,Rosabelle,Rosabelle.@gmail.com,1931-10-12,2017976145,women
573,Ingrid,Ingrid.@gmail.com,1960-12-18,6632577066,women
574,Thalia,Thalia.@gmail.com,2009-08-10,8642732362,men
575,Brooks,Brooks.@gmail.com,1967-07-18,2382808112,women
576,Brooks,Brooks.@gmail.com,1945-01-07,7194441509,women
577,Viviene,Viviene.@gmail.com,1982-02-19,3937636874,women
578,Mallory,Mallory.@gmail.com,1948-07-13,1563342012,women
579,Carolina,Carolina.@gmail.com,1977-09-05,3755346154,women
580,Judy,Judy.@gmail.com,1929-11-28,4453088619,women
581,Fayre,Fayre.@gmail.com,2004-04-05,9079311805,women
582,Tomasina,Tomasina.@gmail.com,1933-03-02,7056251045,men
583,Hettie,Hettie.@gmail.com,2005-01-15,1731855231,men
584,Gilligan,Gilligan.@gmail.com,1967-08-18,6414294697,women
585,Courtnay,Courtnay.@gmail.com,1941-06-20,9007233441,women
586,Dolli,Dolli.@gmail.com,1917-01-14,2177251900,women
587,Sheree,Sheree.@gmail.com,2019-05-13,2254366425,men
588,Raf,Raf.@gmail.com,1925-04-28,5240803659,women
589,Pamella,Pamella.@gmail.com,1998-05-18,9403150520,men
590,Norine,Norine.@gmail.com,1954-10-07,2351195586,women
591,Cherilyn,Cherilyn.@gmail.com,1939-03-29,9200268853,men
592,Heida,Heida.@gmail.com,1904-02-26,6862868760,men
593,Shauna,Shauna.@gmail.com,1909-05-27,3622311793,women
594,Annice,Annice.@gmail.com,1996-04-19,1376678535,women
595,Lucille,Lucille.@gmail.com,2014-05-10,3863198054,men
596,Willetta,Willetta.@gmail.com,1966-02-06,1812041333,women
597,Cathie,Cathie.@gmail.com,1924-09-10,2437009776,men
598,Dominga,Dominga.@gmail.com,1908-07-23,3986149489,men
599,Dawn,Dawn.@gmail.com,1993-03-18,1691907563,women
600,Chastity,Chastity.@gmail.com,1932-07-16,5120182040,women
601,Linzy,Linzy.@gmail.com,1944-10-15,5815527876,women
602,Allis,Allis.@gmail.com,1928-07-31,4229433766,women
603,Asia,Asia.@gmail.com,1901-11-09,5692018889,men
604,Benita,Benita.@gmail.com,2003-05-26,6713173217,women
605,Chrystel,Chrystel.@gmail.com,1918-09-19,8831367756,women
606,Carmencita,Carmencita.@gmail.com,2013-08-05,6718484075,men
607,Alie,Alie.@gmail.com,1961-10-21,4794805338,men
608,Tani,Tani.@gmail.com,1903-08-23,3327704324,men
609,Jacenta,Jacenta.@gmail.com,1943-09-17,2272832696,women
610,Doro,Doro.@gmail.com,1968-01-11,3844605552,women
611,Sherrie,Sherrie.@gmail.com,1911-09-02,5683450754,men
612,Willetta,Willetta.@gmail.com,2008-03-03,5456532538,men
613,Shaylyn,Shaylyn.@gmail.com,2018-03-16,1481913635,women
614,Justinn,Justinn.@gmail.com,1996-11-28,7361946580,women
615,Amii,Amii.@gmail.com,1904-09-19,1513830845,women
616,Lesly,Lesly.@gmail.com,1912-03-24,4598945026,men
617,Karlee,Karlee.@gmail.com,1968-04-29,1100523942,women
618,Marguerite,Marguerite.@gmail.com,1980-12-15,2253592767,women
619,Basia,Basia.@gmail.com,1910-06-12,7071869581,men
620,Marcy,Marcy.@gmail.com,2008-09-03,4420687874,women
621,Imojean,Imojean.@gmail.com,1978-03-17,1154969258,men
622,Lilith,Lilith.@gmail.com,2015-06-20,6982548953,men
623,Tiffie,Tiffie.@gmail.com,1906-09-05,5897799983,women
624,Gwyneth,Gwyneth.@gmail.com,1906-09-17,6971372746,men
625,Ardenia,Ardenia.@gmail.com,1902-05-09,9708978043,men
626,Ira,Ira.@gmail.com,2007-12-04,7119593160,women
627,Bee,Bee.@gmail.com,1910-04-20,5864191973,women
628,Margalo,Margalo.@gmail.com,1952-07-10,7923104529,women
629,Lesly,Lesly.@gmail.com,1998-09-02,2138445825,men
630,Aurore,Aurore.@gmail.com,1954-07-18,1710446857,women
631,Dode,Dode.@gmail.com,1910-06-12,1713580542,men
632,Starla,Starla.@gmail.com,1907-11-20,4452116275,men
633,Jorry,Jorry.@gmail.com,1978-12-10,4935890965,women
634,Ottilie,Ottilie.@gmail.com,1998-06-21,4667515805,women
635,Silvana,Silvana.@gmail.com,2014-03-26,9196384422,men
636,Melodie,Melodie.@gmail.com,1910-04-12,5874238077,men
637,Ardeen,Ardeen.@gmail.com,1955-10-03,5435631388,men
638,Dianemarie,Dianemarie.@gmail.com,1984-10-22,4168821444,men
639,Deedee,Deedee.@gmail.com,1935-03-22,7972993286,women
640,Roz,Roz.@gmail.com,1994-05-15,2889637865,women
641,Jorry,Jorry.@gmail.com,1942-01-28,1257409304,women
642,Peri,Peri.@gmail.com,2015-02-05,1150361668,men
643,Abbie,Abbie.@gmail.com,1988-06-03,5652961252,women
644,Janenna,Janenna.@gmail.com,2019-02-13,6950800619,women
645,Moyna,Moyna.@gmail.com,1947-05-22,6503807348,men
646,Norine,Norine.@gmail.com,2016-09-04,5065937346,men
647,Joleen,Joleen.@gmail.com,1958-04-06,2873737347,women
648,Valeda,Valeda.@gmail.com,2015-01-23,7330722139,men
649,Jordan,Jordan.@gmail.com,1979-04-19,7051086624,women
650,Cassandra,Cassandra.@gmail.com,1960-08-09,8578238773,women
651,Dorthy,Dorthy.@gmail.com,1936-10-25,7945507021,women
652,Deirdre,Deirdre.@gmail.com,1907-10-13,6390472782,men
653,Christian,Christian.@gmail.com,1962-10-09,1275179293,women
654,Quintina,Quintina.@gmail.com,1992-06-13,9836268240,men
655,Carol-Jean,Carol-Jean.@gmail.com,1921-02-05,3824871786,men
656,Carilyn,Carilyn.@gmail.com,1941-03-14,7448827392,men
657,Rhea,Rhea.@gmail.com,2010-03-08,8202015474,men
658,Janey,Janey.@gmail.com,1903-08-25,4703125456,men
659,Stacey,Stacey.@gmail.com,1991-07-28,3922097701,men
660,Roxane,Roxane.@gmail.com,1998-07-16,2388541174,men
661,Nollie,Nollie.@gmail.com,2015-07-12,7110519096,men
662,Marjie,Marjie.@gmail.com,2007-03-02,6334229096,men
663,Tarra,Tarra.@gmail.com,2005-12-31,7060050690,women
664,Jessy,Jessy.@gmail.com,1941-09-01,6543339311,men
665,Rubie,Rubie.@gmail.com,2007-10-23,1099916840,women
666,Sheelagh,Sheelagh.@gmail.com,1968-12-08,5197946809,women
667,Fanchon,Fanchon.@gmail.com,1937-09-29,6470910921,men
668,Ida,Ida.@gmail.com,1977-11-02,8963272798,men
669,Fidelia,Fidelia.@gmail.com,1968-08-10,7461517122,men
670,Marline,Marline.@gmail.com,2017-01-21,6629551122,women
671,Ericka,Ericka.@gmail.com,1951-10-05,8188879084,women
672,Dione,Dione.@gmail.com,2000-11-15,6978562601,women
673,Morganica,Morganica.@gmail.com,1988-07-11,3709392981,women
674,Shell,Shell.@gmail.com,2016-10-13,1647211715,women
675,Amalie,Amalie.@gmail.com,1941-08-30,3984235433,women
676,Dode,Dode.@gmail.com,1926-03-18,5241420066,men
677,Violet,Violet.@gmail.com,1966-07-11,1058924330,women
678,Ottilie,Ottilie.@gmail.com,2014-03-19,8377086411,women
679,Janenna,Janenna.@gmail.com,1988-05-17,7523343136,women
680,Goldie,Goldie.@gmail.com,1914-09-19,6407335451,women
681,Tami,Tami.@gmail.com,1997-08-01,8177511893,men
682,Meg,Meg.@gmail.com,1973-03-18,4735014978,men
683,Ketti,Ketti.@gmail.com,1919-01-12,8432989614,men
684,Marleah,Marleah.@gmail.com,1915-12-01,8065716671,women
685,Ashlee,Ashlee.@gmail.com,1983-02-07,5750023868,women
686,Annora,Annora.@gmail.com,1953-10-21,9746358089,women
687,Dari,Dari.@gmail.com,1965-12-06,6228775873,women
688,Orsola,Orsola.@gmail.com,1925-11-16,9367727287,women
689,Binny,Binny.@gmail.com,1913-07-02,9023377554,women
690,Flo,Flo.@gmail.com,1901-12-03,1862949532,men
691,Elise,Elise.@gmail.com,1913-08-20,5577986628,women
692,Tarra,Tarra.@gmail.com,1981-08-24,1524069631,women
693,Bobinette,Bobinette.@gmail.com,1913-04-20,8831467630,men
694,Joceline,Joceline.@gmail.com,1922-12-16,4178364127,women
695,Caritta,Caritta.@gmail.com,1990-08-08,7157011087,men
696,Kial,Kial.@gmail.com,1919-01-25,6151753407,men
697,Aimil,Aimil.@gmail.com,1992-08-16,4752202985,women
698,Rori,Rori.@gmail.com,1910-11-06,3117290724,men
699,Estell,Estell.@gmail.com,1921-01-20,1163148580,women
700,Doro,Doro.@gmail.com,2017-07-08,3608012652,women
701,Mallory,Mallory.@gmail.com,1968-09-28,2152724473,women
702,Madeleine,Madeleine.@gmail.com,2001-03-27,2092153056,men
703,Tatiania,Tatiania.@gmail.com,1959-12-12,6626556970,men
704,Kate,Kate.@gmail.com,1974-03-13,2102766670,men
705,Blinni,Blinni.@gmail.com,1967-07-14,7347234149,men
706,Maud,Maud.@gmail.com,1995-07-10,2632719992,men
707,Siana,Siana.@gmail.com,1908-11-21,4634969983,women
708,Gabi,Gabi.@gmail.com,1947-04-26,8272859948,men
709,Sharlene,Sharlene.@gmail.com,1960-01-21,8261137502,men
710,Dotty,Dotty.@gmail.com,1968-01-19,7101859712,men
711,Britte,Britte.@gmail.com,1954-12-10,8122622784,women
712,Danika,Danika.@gmail.com,1948-01-27,4203409444,men
713,Helsa,Helsa.@gmail.com,1947-11-01,6696303491,men
714,Carilyn,Carilyn.@gmail.com,1985-12-02,7071313360,women
715,Perry,Perry.@gmail.com,1981-12-14,3952557678,men
716,Rani,Rani.@gmail.com,1961-09-16,2726971912,women
717,Meghann,Meghann.@gmail.com,2012-03-13,9155934281,women
718,Estell,Estell.@gmail.com,1994-06-19,9761629299,men
719,Corry,Corry.@gmail.com,1922-07-26,5036231552,men
720,Gabriellia,Gabriellia.@gmail.com,1989-10-25,7246409288,men
721,Natka,Natka.@gmail.com,1959-10-14,1512224472,men
722,Blondelle,Blondelle.@gmail.com,2019-12-06,5554203550,women
723,Catrina,Catrina.@gmail.com,1934-08-24,4366398942,women
724,Beverley,Beverley.@gmail.com,1993-09-06,5645711931,women
725,Tobe,Tobe.@gmail.com,1910-06-20,4804529532,men
726,Mignon,Mignon.@gmail.com,1994-10-15,4958110145,men
727,Harmonia,Harmonia.@gmail.com,1992-06-15,5863923334,men
728,Frieda,Frieda.@gmail.com,1971-03-08,7002161889,men
729,Inga,Inga.@gmail.com,1904-07-02,5493099222,women
730,Willetta,Willetta.@gmail.com,1901-06-28,6206727125,men
731,Asia,Asia.@gmail.com,1968-08-12,4698029085,men
732,Livvyy,Livvyy.@gmail.com,1940-01-24,5453910755,women
733,Gwyneth,Gwyneth.@gmail.com,1901-09-27,4514455605,women
734,Rosabelle,Rosabelle.@gmail.com,2000-12-22,3611926873,men
735,Donnie,Donnie.@gmail.com,1958-09-23,2067486105,men
736,Renae,Renae.@gmail.com,1999-06-04,2197727727,men
737,Sabina,Sabina.@gmail.com,1942-04-13,8681288028,men
738,Daryl,Daryl.@gmail.com,1947-01-13,2503814882,women
739,Zsa Zsa,Zsa Zsa.@gmail.com,1905-01-01,6554062448,women
740,Corry,Corry.@gmail.com,1902-07-21,3061546942,men
741,Aurore,Aurore.@gmail.com,1946-09-08,1808311993,women
742,Aurelie,Aurelie.@gmail.com,1993-07-25,3491581837,men
743,Sophia,Sophia.@gmail.com,1969-01-10,6889719893,women
744,Elena,Elena.@gmail.com,1912-02-15,7292999842,men
745,Ernesta,Ernesta.@gmail.com,1960-05-08,7323589268,men
746,Barbara,Barbara.@gmail.com,1944-09-19,8964100457,women
747,Kayla,Kayla.@gmail.com,1911-06-13,6617111139,men
748,Fidelia,Fidelia.@gmail.com,1908-03-10,9795461941,women
749,Maisey,Maisey.@gmail.com,1952-01-31,8659350464,men
750,Tilly,Tilly.@gmail.com,1921-07-20,8825541152,women
751,Kary,Kary.@gmail.com,2008-12-20,2054033562,men
752,Kristina,Kristina.@gmail.com,1919-06-24,4239871280,women
753,Ardys,Ardys.@gmail.com,1902-04-13,2925518293,men
754,Moyna,Moyna.@gmail.com,1921-05-09,7037957448,men
755,Yolane,Yolane.@gmail.com,1997-02-19,7157235688,women
756,Molli,Molli.@gmail.com,1917-09-25,2400769409,men
757,Valeda,Valeda.@gmail.com,1944-11-05,4723606451,men
758,Jolyn,Jolyn.@gmail.com,1987-09-05,4097508723,women
759,Frank,Frank.@gmail.com,1930-06-03,1208973162,women
760,Trudie,Trudie.@gmail.com,1935-11-08,7402693670,men
761,Carly,Carly.@gmail.com,1985-06-24,2968364469,men
762,Patricia,Patricia.@gmail.com,1960-04-26,5972262731,men
763,Dorothy,Dorothy.@gmail.com,1952-05-31,2147090691,women
764,Lanna,Lanna.@gmail.com,1941-04-04,4667404384,men
765,Marcy,Marcy.@gmail.com,1959-04-30,3901663622,men
766,Hettie,Hettie.@gmail.com,1905-01-08,5274193422,men
767,Katleen,Katleen.@gmail.com,2002-03-31,1320750725,women
768,Sindee,Sindee.@gmail.com,1956-01-17,6552199544,men
769,Dorthy,Dorthy.@gmail.com,1947-02-06,4550417857,women
770,Laurene,Laurene.@gmail.com,1944-12-16,6541304715,women
771,Blinni,Blinni.@gmail.com,1941-03-22,9963651279,men
772,Alia,Alia.@gmail.com,2016-03-10,3876449901,men
773,Elyssa,Elyssa.@gmail.com,1959-11-30,2732965711,men
774,Maridel,Maridel.@gmail.com,1960-11-03,3872157137,men
775,Nanete,Nanete.@gmail.com,1965-09-04,3405538576,women
776,Josephine,Josephine.@gmail.com,1996-03-16,8124978746,women
777,Aurelie,Aurelie.@gmail.com,1911-03-02,1734319175,women
778,Alleen,Alleen.@gmail.com,1968-05-18,4346827982,women
779,Barbara,Barbara.@gmail.com,1925-04-20,9250627043,women
780,Shel,Shel.@gmail.com,1952-08-01,4249494937,men
781,Fred,Fred.@gmail.com,1981-03-21,4956927498,men
782,Melina,Melina.@gmail.com,1984-03-04,1376435209,women
783,Di,Di.@gmail.com,1928-02-18,6238196418,men
784,Jasmina,Jasmina.@gmail.com,1907-11-26,2948639190,women
785,Frances,Frances.@gmail.com,1928-11-07,8191883938,men
786,Claudina,Claudina.@gmail.com,1924-01-24,6120727090,men
787,Evita,Evita.@gmail.com,1947-08-10,8591569815,women
788,Catharine,Catharine.@gmail.com,1951-01-07,1489462698,women
789,Selma,Selma.@gmail.com,1919-09-24,8015833949,men
790,Daryl,Daryl.@gmail.com,1961-10-03,8544490780,men
791,Loree,Loree.@gmail.com,2003-05-04,4389713672,men
792,Sophia,Sophia.@gmail.com,2012-07-20,1014549468,men
793,Leona,Leona.@gmail.com,1969-08-22,9884666020,men
794,Tani,Tani.@gmail.com,1963-03-18,3539971627,women
795,Caryl,Caryl.@gmail.com,1910-10-17,8231315910,men
796,Krystle,Krystle.@gmail.com,2009-09-11,2536154025,women
797,Leona,Leona.@gmail.com,2015-03-11,7516478118,women
798,Florencia,Florencia.@gmail.com,1913-10-27,5429895898,men
799,Hallie,Hallie.@gmail.com,1986-09-26,3974544589,men
800,Claudina,Claudina.@gmail.com,1960-12-01,6683865997,women
801,Rebeca,Rebeca.@gmail.com,1988-09-10,5414378591,women
802,Imojean,Imojean.@gmail.com,2017-05-30,5111735212,men
803,Binny,Binny.@gmail.com,1980-07-28,4596364663,women
804,Mady,Mady.@gmail.com,1972-06-13,4923119406,men
805,Deane,Deane.@gmail.com,1916-06-01,2267265730,men
806,Celisse,Celisse.@gmail.com,2018-09-10,9775576530,men
807,Loree,Loree.@gmail.com,1987-07-30,9118743881,women
808,Lexine,Lexine.@gmail.com,1924-08-23,4678090446,women
809,Kore,Kore.@gmail.com,1911-08-12,2988445665,men
810,Dianemarie,Dianemarie.@gmail.com,1919-09-19,9977462553,men
811,Kenna,Kenna.@gmail.com,1975-07-17,3344901310,women
812,Clarice,Clarice.@gmail.com,1954-01-21,5754086469,women
813,Tomasina,Tomasina.@gmail.com,2007-12-09,4313791224,men
814,Feliza,Feliza.@gmail.com,1981-08-22,4870042027,women
815,Joy,Joy.@gmail.com,1997-08-31,4912199518,women
816,Kirbee,Kirbee.@gmail.com,1913-10-16,3797744487,men
817,Nanete,Nanete.@gmail.com,1928-06-27,6637933754,men
818,Di,Di.@gmail.com,1980-01-03,2571589680,men
819,Meg,Meg.@gmail.com,2016-12-06,6105322918,men
820,Sara-Ann,Sara-Ann.@gmail.com,1919-09-10,5140236928,women
821,Raina,Raina.@gmail.com,1910-03-12,5871751294,women
822,Bee,Bee.@gmail.com,1920-11-04,2796741031,men
823,Mariann,Mariann.@gmail.com,1929-02-26,3755482516,men
824,Chandra,Chandra.@gmail.com,1955-05-25,9146988596,men
825,Tori,Tori.@gmail.com,2009-04-25,9559993168,women
826,Elena,Elena.@gmail.com,1947-01-20,8588188052,women
827,Juliane,Juliane.@gmail.com,1967-08-13,7369532569,men
828,Melanie,Melanie.@gmail.com,1957-07-07,5108294205,men
829,Corly,Corly.@gmail.com,1932-04-29,3953115535,women
830,Melodie,Melodie.@gmail.com,1938-05-01,8730033300,women
831,Feliza,Feliza.@gmail.com,1983-08-28,9944717597,men
832,Nita,Nita.@gmail.com,1986-12-23,5487017053,women
833,Korrie,Korrie.@gmail.com,1914-09-15,6230899923,women
834,Deane,Deane.@gmail.com,1906-04-15,2961717751,men
835,Shaylyn,Shaylyn.@gmail.com,1994-12-27,7723834065,women
836,Roberta,Roberta.@gmail.com,2004-07-29,4050398382,men
837,Cassandra,Cassandra.@gmail.com,1976-03-20,7931005439,men
838,Nadine,Nadine.@gmail.com,1903-01-18,1132369937,men
839,Anestassia,Anestassia.@gmail.com,1933-09-07,2933782030,women
840,Annaliese,Annaliese.@gmail.com,1962-12-09,2728557883,women
841,Joceline,Joceline.@gmail.com,2001-03-19,5009604057,women
842,Arlina,Arlina.@gmail.com,1905-06-03,2741053178,women
843,Cristine,Cristine.@gmail.com,1968-04-18,9134977176,men
844,Joy,Joy.@gmail.com,1928-05-18,3081941922,women
845,Frances,Frances.@gmail.com,1907-03-18,9387132130,men
846,Calla,Calla.@gmail.com,2009-02-27,7791309287,women
847,Sadie,Sadie.@gmail.com,2004-08-09,3665890788,women
848,Tami,Tami.@gmail.com,1953-05-23,4466446128,women
849,Aurelie,Aurelie.@gmail.com,1910-07-19,4627885532,men
850,Gratia,Gratia.@gmail.com,1983-11-26,6815392307,women
851,Estell,Estell.@gmail.com,1945-12-19,3049503868,men
852,Iseabal,Iseabal.@gmail.com,2007-10-13,2790817226,men
853,Elena,Elena.@gmail.com,2007-10-15,6906846648,women
854,Melina,Melina.@gmail.com,1925-01-20,4972435200,women
855,Corene,Corene.@gmail.com,1945-04-19,8325985649,men
856,Heddie,Heddie.@gmail.com,1998-10-26,3061530320,men
857,Ricky,Ricky.@gmail.com,1991-03-30,7981696555,men
858,Nyssa,Nyssa.@gmail.com,1983-11-18,9633625818,women
859,Britte,Britte.@gmail.com,1963-08-01,2103861764,women
860,Ursulina,Ursulina.@gmail.com,1953-09-07,3841414041,men
861,Cherilyn,Cherilyn.@gmail.com,2018-09-27,7811150131,men
862,Katharina,Katharina.@gmail.com,1955-09-09,3323854888,men
863,Lynde,Lynde.@gmail.com,1951-10-02,5202759452,men
864,Courtnay,Courtnay.@gmail.com,1902-05-13,2237886791,women
865,Gerianna,Gerianna.@gmail.com,1927-03-30,6495755892,women
866,Ebonee,Ebonee.@gmail.com,1962-05-15,7198996453,men
867,Zsa Zsa,Zsa Zsa.@gmail.com,2004-03-27,3083925240,men
868,Teriann,Teriann.@gmail.com,1974-07-20,6444931407,women
869,Dione,Dione.@gmail.com,1940-05-14,9763715528,men
870,Rebeca,Rebeca.@gmail.com,1915-02-05,9959819495,men
871,Georgina,Georgina.@gmail.com,2007-09-30,4137744501,men
872,Gui,Gui.@gmail.com,1996-02-20,6180720193,women
873,Tamqrah,Tamqrah.@gmail.com,2005-02-26,4299997213,men
874,Frances,Frances.@gmail.com,1941-04-19,3632954325,men
875,Jaime,Jaime.@gmail.com,1962-06-18,4158732059,men
876,Georgina,Georgina.@gmail.com,1932-05-23,5880281093,men
877,Teddie,Teddie.@gmail.com,1917-05-14,2127097394,men
878,Bernardine,Bernardine.@gmail.com,1943-12-18,6480790352,women
879,Kimberley,Kimberley.@gmail.com,1998-04-14,8082048449,men
880,Micheline,Micheline.@gmail.com,1970-02-09,1082775255,women
881,Alie,Alie.@gmail.com,1940-05-21,9088547521,women
882,Janey,Janey.@gmail.com,2001-04-06,6676512362,women
883,Susan,Susan.@gmail.com,1948-11-24,1832514323,men
884,Tonia,Tonia.@gmail.com,1944-08-28,2638648927,men
885,Dale,Dale.@gmail.com,1909-07-19,6301113322,men
886,Deedee,Deedee.@gmail.com,1956-10-10,8297920542,women
887,Sissy,Sissy.@gmail.com,1981-06-30,7945182795,women
888,Aili,Aili.@gmail.com,1959-11-28,9185891173,men
889,Di,Di.@gmail.com,1996-01-14,1635016841,women
890,Cam,Cam.@gmail.com,2018-08-23,7928501136,men
891,Sarette,Sarette.@gmail.com,1951-07-07,9593060899,men
892,Jaime,Jaime.@gmail.com,1901-05-11,2861938275,women
893,Bobbi,Bobbi.@gmail.com,2000-06-02,2816901316,women
894,Sidoney,Sidoney.@gmail.com,1901-09-06,4779330722,women
895,Kayla,Kayla.@gmail.com,1934-11-08,9308349682,men
896,Glynnis,Glynnis.@gmail.com,1978-06-23,3382577888,men
897,Madalyn,Madalyn.@gmail.com,1968-11-07,9441460845,women
898,Corry,Corry.@gmail.com,1908-09-12,9954408712,women
899,Barbi,Barbi.@gmail.com,2012-11-12,9568103303,women
900,Winifred,Winifred.@gmail.com,1931-05-29,1363252325,women
901,Karina,Karina.@gmail.com,1984-08-04,7344371172,men
902,Fred,Fred.@gmail.com,1977-07-12,4511441450,women
903,Jeanna,Jeanna.@gmail.com,1942-01-21,9858651711,women
904,Dorothy,Dorothy.@gmail.com,1986-07-08,6428458895,men
905,Viviene,Viviene.@gmail.com,1913-02-15,2089064823,men
906,Latisha,Latisha.@gmail.com,1970-04-06,2154455087,men
907,Hope,Hope.@gmail.com,1939-11-15,3359281125,women
908,Dorthy,Dorthy.@gmail.com,1931-07-10,6079870623,women
909,Teddie,Teddie.@gmail.com,1971-09-01,1873769740,women
910,Odessa,Odessa.@gmail.com,1922-02-23,6866480673,men
911,Renae,Renae.@gmail.com,1903-05-15,7384626684,women
912,Celene,Celene.@gmail.com,1991-10-09,5872345761,men
913,Lorne,Lorne.@gmail.com,1990-01-14,4426658278,women
914,Maud,Maud.@gmail.com,1964-09-20,1999795719,men
915,Justinn,Justinn.@gmail.com,1955-03-19,3252903964,men
916,Barbara,Barbara.@gmail.com,1944-10-08,5414136299,men
917,Berta,Berta.@gmail.com,2006-04-26,3939915312,men
918,Bobinette,Bobinette.@gmail.com,1994-05-12,4922861070,men
919,Natka,Natka.@gmail.com,2013-06-23,1176655959,women
920,Katuscha,Katuscha.@gmail.com,2005-01-04,8948499541,women
921,Shauna,Shauna.@gmail.com,2019-12-23,1824223553,men
922,Michaelina,Michaelina.@gmail.com,1962-05-29,3664155035,women
923,Debee,Debee.@gmail.com,1970-07-24,4863013687,men
924,Larine,Larine.@gmail.com,1909-08-31,2880690620,women
925,Dominga,Dominga.@gmail.com,1987-08-22,9333582771,women
926,Max,Max.@gmail.com,1941-10-05,4882882203,men
927,Alyssa,Alyssa.@gmail.com,1997-05-04,3842982321,men
928,Yetty,Yetty.@gmail.com,1983-10-30,2490969606,men
929,Mignon,Mignon.@gmail.com,1994-09-16,2332829728,men
930,Lynde,Lynde.@gmail.com,1963-07-04,6100808069,women
931,Sibella,Sibella.@gmail.com,1964-04-13,4929288170,women
932,Esmeralda,Esmeralda.@gmail.com,1968-11-01,9319892817,men
933,Veda,Veda.@gmail.com,1909-07-10,8215110261,women
934,Lauryn,Lauryn.@gmail.com,1920-06-25,9755211174,women
935,Tiffie,Tiffie.@gmail.com,1939-04-29,9043134107,men
936,Anestassia,Anestassia.@gmail.com,1977-05-11,2095927769,women
937,Grier,Grier.@gmail.com,1907-12-08,3151971998,men
938,Natka,Natka.@gmail.com,2011-10-05,9014691270,men
939,Albertina,Albertina.@gmail.com,1928-02-12,5961110031,women
940,Adriana,Adriana.@gmail.com,1952-05-03,9975775973,women
941,Consuela,Consuela.@gmail.com,2001-05-18,3287432513,women
942,Charlena,Charlena.@gmail.com,1915-06-23,7110609260,women
943,Lisette,Lisette.@gmail.com,1951-11-23,3404385503,men
944,Henriette,Henriette.@gmail.com,2005-03-04,9954161512,women
945,Sophia,Sophia.@gmail.com,1910-10-04,4698283005,women
946,Adore,Adore.@gmail.com,1941-07-30,1943283826,men
947,Emma,Emma.@gmail.com,1900-08-11,5467001497,women
948,Vita,Vita.@gmail.com,1928-02-04,8714503152,men
949,Feliza,Feliza.@gmail.com,1999-04-19,5862967274,women
950,Norine,Norine.@gmail.com,1999-10-19,9324614387,men
951,Deloria,Deloria.@gmail.com,1959-03-02,7837738245,women
952,Netty,Netty.@gmail.com,1947-03-31,8390419740,women
953,Danny,Danny.@gmail.com,1958-12-22,1473830796,women
954,Sharlene,Sharlene.@gmail.com,1924-06-06,2899214143,women
955,Odessa,Odessa.@gmail.com,1962-11-20,6530840380,men
956,Angela,Angela.@gmail.com,1948-11-17,6035112410,men
957,Gilda,Gilda.@gmail.com,2004-09-30,7151533823,men
958,Mellicent,Mellicent.@gmail.com,1939-04-15,2345969792,men
959,Bettine,Bettine.@gmail.com,2019-04-30,7815535088,men
960,Josephine,Josephine.@gmail.com,1984-08-27,6236011710,men
961,Sue,Sue.@gmail.com,1957-01-29,5840769393,women
962,Deirdre,Deirdre.@gmail.com,1951-01-20,1694593684,women
963,Aubrie,Aubrie.@gmail.com,1956-05-25,3862593190,men
964,Zia,Zia.@gmail.com,2001-01-13,5478470813,men
965,Cherrita,Cherrita.@gmail.com,1974-09-21,8389925168,men
966,Candy,Candy.@gmail.com,1993-10-16,6592718475,women
967,Hildegaard,Hildegaard.@gmail.com,1911-10-06,7496091167,men
968,Augustine,Augustine.@gmail.com,2015-01-17,6626190112,women
969,Di,Di.@gmail.com,1985-07-17,5684605137,men
970,Lulita,Lulita.@gmail.com,1942-01-29,1291339342,men
971,Selia,Selia.@gmail.com,1907-05-19,1356811953,women
972,Lynde,Lynde.@gmail.com,1966-04-09,2012138221,men
973,Marnia,Marnia.@gmail.com,1945-02-08,3322636953,men
974,Lolita,Lolita.@gmail.com,1961-11-05,3965064357,men
975,Goldie,Goldie.@gmail.com,1978-06-14,3434711443,men
976,Ingrid,Ingrid.@gmail.com,1946-08-16,3921081471,women
977,Leona,Leona.@gmail.com,1936-02-05,1561716638,women
978,Theodora,Theodora.@gmail.com,1907-02-02,3109110912,men
979,Vita,Vita.@gmail.com,1987-02-01,1894439828,women
980,Adore,Adore.@gmail.com,2015-07-10,7420846026,men
981,Silvana,Silvana.@gmail.com,1941-08-25,6305777608,men
982,Ellette,Ellette.@gmail.com,1912-08-31,1510474014,men
983,Penelopa,Penelopa.@gmail.com,1993-12-20,8728738982,women
984,Gwenneth,Gwenneth.@gmail.com,1966-11-27,7935795680,men
985,Ann-Marie,Ann-Marie.@gmail.com,1999-05-16,3100918425,women
986,Marita,Marita.@gmail.com,1935-01-23,5504350973,men
987,Gertrud,Gertrud.@gmail.com,1930-08-05,7889519825,men
988,Ivett,Ivett.@gmail.com,1900-01-22,7054055650,women
989,Lizzie,Lizzie.@gmail.com,1933-03-23,9456122210,women
990,Alie,Alie.@gmail.com,1932-10-17,3188389108,men
991,Janenna,Janenna.@gmail.com,2005-11-03,9618087148,men
992,Arabel,Arabel.@gmail.com,1930-01-28,1213390480,men
993,Lila,Lila.@gmail.com,2012-03-18,7560717377,men
994,Shel,Shel.@gmail.com,1981-09-01,9664151732,women
995,Emylee,Emylee.@gmail.com,1977-07-03,9670855430,women
996,Jenda,Jenda.@gmail.com,2014-05-19,1523883169,women
997,Annecorinne,Annecorinne.@gmail.com,1902-08-01,9291165106,women
998,Rosanne,Rosanne.@gmail.com,1950-01-17,5398384781,women
999,Marika,Marika.@gmail.com,1996-04-23,1258804611,women
1000,Marcelline,Marcelline.@gmail.com,1929-12-04,5244714785,men